ablation_mode,train_seed,ablation_mean,full_mean,ablation_minus_full,full_relative_improvement_percent,paired_ci95_low,paired_ci95_high,full_win_rate,test_size
native_random_tail,1234,7.235845974302292,6.100637643575668,1.1352083307266236,15.688674617429022,1.124339860051689,1.1460768014015583,0.992,10000
native_random_tail,4321,7.241565422105789,6.1098423369407655,1.1317230851650237,15.628155228844532,1.1205751093124396,1.1428710610176078,0.9904,10000
native_random_tail,2468,7.2433560962677,6.097299335813522,1.1460567604541778,15.822178907436415,1.1349049791676418,1.1572085417407139,0.991,10000
native_free_no_head_summary,1234,6.104306344175339,6.100637643575668,0.00366870059967041,0.06010020455758387,-0.0013248073699625683,0.008662208569303389,0.5047,10000
native_free_no_head_summary,4321,6.087687796545029,6.1098423369407655,-0.022154540395736694,-0.3639237282882685,-0.027176659414714352,-0.017132421376759036,0.4679,10000
native_free_no_head_summary,2468,6.048877245187759,6.097299335813522,-0.04842209062576294,-0.8005136930871916,-0.05318035941927265,-0.04366382183225324,0.419,10000
native_free_no_path_state,1234,6.281063415527344,6.100637643575668,0.18042577195167542,2.8725354293613257,0.1743874995968929,0.18646404430645794,0.7269,10000
native_free_no_path_state,4321,6.2939162460327145,6.1098423369407655,0.18407390909194946,2.924632325826984,0.17786317449621278,0.19028464368768613,0.7201,10000
native_free_no_path_state,2468,6.299638842391968,6.097299335813522,0.20233950657844543,3.2119223282586957,0.19642440928563068,0.20825460387126019,0.7577,10000
